<?xml version="1.0" encoding="utf-8"?><feed xmlns="http://www.w3.org/2005/Atom" xml:lang="en-US"><generator uri="https://jekyllrb.com/" version="4.2.2">Jekyll</generator><link href="http://localhost:4000/feed.xml" rel="self" type="application/atom+xml" /><link href="http://localhost:4000/" rel="alternate" type="text/html" hreflang="en-US" /><updated>2022-05-09T13:45:39+06:00</updated><id>http://localhost:4000/feed.xml</id><title type="html">ABDULLAH</title><subtitle>Work Hard to be Lazy. Software Engineer at Bangladesh Japan Information Technology (BJIT Group).
</subtitle><author><name>C M Abdullah Khan</name><email>cmabdullah21@gmail.com</email></author><entry><title type="html">Java concurrency</title><link href="http://localhost:4000/blog/2022-05-07-Java-concurrency/" rel="alternate" type="text/html" title="Java concurrency" /><published>2022-05-07T00:00:00+06:00</published><updated>2022-05-09T09:52:06+06:00</updated><id>http://localhost:4000/blog/Java-concurrency</id><content type="html" xml:base="http://localhost:4000/blog/2022-05-07-Java-concurrency/"><![CDATA[<p>Cum sociis natoque penatibus et magnis <a href="#">dis parturient montes</a>, nascetur ridiculus mus. <em>Aenean eu leo quam.</em> Pellentesque ornare sem lacinia quam venenatis vestibulum. Sed posuere consectetur est at lobortis. Cras mattis consectetur purus sit amet fermentum.</p>

<blockquote>
  <p>Curabitur blandit tempus porttitor. Nullam quis risus eget urna mollis ornare vel eu leo. Nullam id dolor id nibh ultricies vehicula ut id elit.</p>
</blockquote>

<p>Etiam porta <strong>sem malesuada magna</strong> mollis euismod. Cras mattis consectetur purus sit amet fermentum. Aenean lacinia bibendum nulla sed consectetur.</p>

<h2 id="inline-html-elements">Inline <abbr title="HyperText Markup Language">HTML</abbr> elements</h2>

<p><abbr title="HyperText Markup Language">HTML</abbr> defines a long list of available inline tags, a complete list of which can be found on the <a href="https://developer.mozilla.org/en-US/docs/Web/HTML/Element">Mozilla Developer Network</a>.</p>

<ul>
  <li><strong>To bold text</strong>, use <code class="language-plaintext highlighter-rouge">**To bold text**</code>.</li>
  <li><em>To italicize text</em>, use <code class="language-plaintext highlighter-rouge">*To italicize text*</code>.</li>
  <li>Abbreviations, like <abbr title="HyperText Markup Language">HTML</abbr> should be defined like this <code class="language-plaintext highlighter-rouge">*[HTML]: HyperText Markup Language</code>.</li>
  <li>Citations, like <cite>— Mark otto</cite>, should use <code class="language-plaintext highlighter-rouge">&lt;cite&gt;</code>.</li>
  <li><del>Deleted</del> text should use <code class="language-plaintext highlighter-rouge">~~deleted~~</code> and <ins>inserted</ins> text should use <code class="language-plaintext highlighter-rouge">&lt;ins&gt;</code>.</li>
  <li>Superscript <sup>text</sup> uses <code class="language-plaintext highlighter-rouge">&lt;sup&gt;</code> and subscript <sub>text</sub> uses <code class="language-plaintext highlighter-rouge">&lt;sub&gt;</code>.</li>
</ul>

<p>Most of these elements are styled by browsers with few modifications on our part.</p>

<h2 id="heading-2">Heading 2</h2>
<p>Vivamus sagittis lacus vel augue rutrum faucibus dolor auctor. Duis mollis, est non commodo luctus, nisi erat porttitor ligula, eget lacinia odio sem nec elit. Morbi leo risus, porta ac consectetur ac, vestibulum at eros.</p>

<h3 id="heading-3">Heading 3</h3>
<p>Vivamus sagittis lacus vel augue rutrum faucibus dolor auctor.</p>

<h4 id="heading-4">Heading 4</h4>
<p>Vivamus sagittis lacus vel augue rutrum faucibus dolor auctor.</p>

<h5 id="heading-5">Heading 5</h5>
<p>Vivamus sagittis lacus vel augue rutrum faucibus dolor auctor.</p>

<h6 id="heading-6">Heading 6</h6>
<p>Vivamus sagittis lacus vel augue rutrum faucibus dolor auctor.</p>

<h2 id="code">Code</h2>

<p>Cum sociis natoque penatibus et magnis dis <code class="language-plaintext highlighter-rouge">code element</code> montes, nascetur ridiculus mus.</p>

<div class="language-js highlighter-rouge"><div class="highlight"><pre class="highlight"><code><span class="c1">// Example can be run directly in your JavaScript console</span>

<span class="c1">// Create a function that takes two arguments and returns the sum of those</span>
<span class="c1">// arguments</span>
<span class="kd">var</span> <span class="nx">adder</span> <span class="o">=</span> <span class="k">new</span> <span class="nb">Function</span><span class="p">(</span><span class="dl">"</span><span class="s2">a</span><span class="dl">"</span><span class="p">,</span> <span class="dl">"</span><span class="s2">b</span><span class="dl">"</span><span class="p">,</span> <span class="dl">"</span><span class="s2">return a + b</span><span class="dl">"</span><span class="p">);</span>

<span class="c1">// Call the function</span>
<span class="nx">adder</span><span class="p">(</span><span class="mi">2</span><span class="p">,</span> <span class="mi">6</span><span class="p">);</span>
<span class="c1">// &gt; 8</span>
</code></pre></div></div>

<h2 id="lists">Lists</h2>

<p>Cum sociis natoque penatibus et magnis dis parturient montes, nascetur ridiculus mus. Aenean lacinia bibendum nulla sed consectetur. Etiam porta sem malesuada magna mollis euismod. Fusce dapibus, tellus ac cursus commodo, tortor mauris condimentum nibh, ut fermentum massa justo sit amet risus.</p>

<ul>
  <li>Praesent commodo cursus magna, vel scelerisque nisl consectetur et.</li>
  <li>Donec id elit non mi porta gravida at eget metus.</li>
  <li>Nulla vitae elit libero, a pharetra augue.</li>
</ul>

<p>Donec ullamcorper nulla non metus auctor fringilla. Nulla vitae elit libero, a pharetra augue.</p>

<ol>
  <li>Vestibulum id ligula porta felis euismod semper.</li>
  <li>Cum sociis natoque penatibus et magnis dis parturient montes, nascetur ridiculus mus.</li>
  <li>Maecenas sed diam eget risus varius blandit sit amet non magna.</li>
</ol>

<p>Cras mattis consectetur purus sit amet fermentum. Sed posuere consectetur est at lobortis.</p>

<dl>
  <dt>HyperText Markup Language (<abbr title="HyperText Markup Language">HTML</abbr>)</dt>
  <dd>The language used to describe and define the content of a Web page</dd>
  <dt>Cascading Style Sheets (<abbr title="Cascading Style Sheets">CSS</abbr>)</dt>
  <dd>Used to describe the appearance of Web content</dd>
  <dt>JavaScript (<abbr title="JavaScript">JS</abbr>)</dt>
  <dd>The programming language used to build advanced Web sites and applications</dd>
</dl>

<p>Integer posuere erat a ante venenatis dapibus posuere velit aliquet. Morbi leo risus, porta ac consectetur ac, vestibulum at eros. Nullam quis risus eget urna mollis ornare vel eu leo.</p>

<h2 id="images">Images</h2>

<p>Quisque consequat sapien eget quam rhoncus, sit amet laoreet diam tempus. Aliquam aliquam metus erat, a pulvinar turpis suscipit at.</p>

<p><img src="https://via.placeholder.com/800x400" alt="800x400" title="Large example image" /></p>

<p><img src="https://via.placeholder.com/400x200" alt="400x200" title="Medium example image" /></p>

<p><img src="https://via.placeholder.com/200x200" alt="200x200" title="Small example image" /></p>

<h2 id="tables">Tables</h2>

<p>Aenean lacinia bibendum nulla sed consectetur. Lorem ipsum dolor sit amet, consectetur adipiscing elit.</p>

<table>
  <thead>
    <tr>
      <th style="text-align: left">Name</th>
      <th style="text-align: left">Upvotes</th>
      <th style="text-align: left">Downvotes</th>
    </tr>
  </thead>
  <tbody>
    <tr>
      <td style="text-align: left">Alice</td>
      <td style="text-align: left">10</td>
      <td style="text-align: left">11</td>
    </tr>
    <tr>
      <td style="text-align: left">Bob</td>
      <td style="text-align: left">4</td>
      <td style="text-align: left">3</td>
    </tr>
    <tr>
      <td style="text-align: left">Charlie</td>
      <td style="text-align: left">7</td>
      <td style="text-align: left">9</td>
    </tr>
  </tbody>
  <tfoot>
    <tr>
      <td style="text-align: left">Totals</td>
      <td style="text-align: left">21</td>
      <td style="text-align: left">23</td>
    </tr>
  </tfoot>
</table>

<p>Nullam id dolor id nibh ultricies vehicula ut id elit. Sed posuere consectetur est at lobortis. Nullam quis risus eget urna mollis ornare vel eu leo.</p>]]></content><author><name>C M Abdullah Khan</name><email>cmabdullah21@gmail.com</email></author><category term="blog" /><summary type="html"><![CDATA[this is concurrency test article]]></summary></entry><entry><title type="html">Java Optional</title><link href="http://localhost:4000/example/2022-05-07-Java-Optional/" rel="alternate" type="text/html" title="Java Optional" /><published>2022-05-07T00:00:00+06:00</published><updated>2022-05-09T09:52:06+06:00</updated><id>http://localhost:4000/example/Java-Optional</id><content type="html" xml:base="http://localhost:4000/example/2022-05-07-Java-Optional/"><![CDATA[<p>Cum sociis natoque penatibus et magnis <a href="#">dis parturient montes</a>, nascetur ridiculus mus. <em>Aenean eu leo quam.</em> Pellentesque ornare sem lacinia quam venenatis vestibulum. Sed posuere consectetur est at lobortis. Cras mattis consectetur purus sit amet fermentum.</p>

<blockquote>
  <p>Curabitur blandit tempus porttitor. Nullam quis risus eget urna mollis ornare vel eu leo. Nullam id dolor id nibh ultricies vehicula ut id elit.</p>
</blockquote>

<p>Etiam porta <strong>sem malesuada magna</strong> mollis euismod. Cras mattis consectetur purus sit amet fermentum. Aenean lacinia bibendum nulla sed consectetur.</p>

<h2 id="inline-html-elements">Inline <abbr title="HyperText Markup Language">HTML</abbr> elements</h2>

<p><abbr title="HyperText Markup Language">HTML</abbr> defines a long list of available inline tags, a complete list of which can be found on the <a href="https://developer.mozilla.org/en-US/docs/Web/HTML/Element">Mozilla Developer Network</a>.</p>

<ul>
  <li><strong>To bold text</strong>, use <code class="language-plaintext highlighter-rouge">**To bold text**</code>.</li>
  <li><em>To italicize text</em>, use <code class="language-plaintext highlighter-rouge">*To italicize text*</code>.</li>
  <li>Abbreviations, like <abbr title="HyperText Markup Language">HTML</abbr> should be defined like this <code class="language-plaintext highlighter-rouge">*[HTML]: HyperText Markup Language</code>.</li>
  <li>Citations, like <cite>— Mark otto</cite>, should use <code class="language-plaintext highlighter-rouge">&lt;cite&gt;</code>.</li>
  <li><del>Deleted</del> text should use <code class="language-plaintext highlighter-rouge">~~deleted~~</code> and <ins>inserted</ins> text should use <code class="language-plaintext highlighter-rouge">&lt;ins&gt;</code>.</li>
  <li>Superscript <sup>text</sup> uses <code class="language-plaintext highlighter-rouge">&lt;sup&gt;</code> and subscript <sub>text</sub> uses <code class="language-plaintext highlighter-rouge">&lt;sub&gt;</code>.</li>
</ul>

<p>Most of these elements are styled by browsers with few modifications on our part.</p>

<h2 id="heading-2">Heading 2</h2>
<p>Vivamus sagittis lacus vel augue rutrum faucibus dolor auctor. Duis mollis, est non commodo luctus, nisi erat porttitor ligula, eget lacinia odio sem nec elit. Morbi leo risus, porta ac consectetur ac, vestibulum at eros.</p>

<h3 id="heading-3">Heading 3</h3>
<p>Vivamus sagittis lacus vel augue rutrum faucibus dolor auctor.</p>

<h4 id="heading-4">Heading 4</h4>
<p>Vivamus sagittis lacus vel augue rutrum faucibus dolor auctor.</p>

<h5 id="heading-5">Heading 5</h5>
<p>Vivamus sagittis lacus vel augue rutrum faucibus dolor auctor.</p>

<h6 id="heading-6">Heading 6</h6>
<p>Vivamus sagittis lacus vel augue rutrum faucibus dolor auctor.</p>

<h2 id="code">Code</h2>

<p>Cum sociis natoque penatibus et magnis dis <code class="language-plaintext highlighter-rouge">code element</code> montes, nascetur ridiculus mus.</p>

<div class="language-js highlighter-rouge"><div class="highlight"><pre class="highlight"><code><span class="c1">// Example can be run directly in your JavaScript console</span>

<span class="c1">// Create a function that takes two arguments and returns the sum of those</span>
<span class="c1">// arguments</span>
<span class="kd">var</span> <span class="nx">adder</span> <span class="o">=</span> <span class="k">new</span> <span class="nb">Function</span><span class="p">(</span><span class="dl">"</span><span class="s2">a</span><span class="dl">"</span><span class="p">,</span> <span class="dl">"</span><span class="s2">b</span><span class="dl">"</span><span class="p">,</span> <span class="dl">"</span><span class="s2">return a + b</span><span class="dl">"</span><span class="p">);</span>

<span class="c1">// Call the function</span>
<span class="nx">adder</span><span class="p">(</span><span class="mi">2</span><span class="p">,</span> <span class="mi">6</span><span class="p">);</span>
<span class="c1">// &gt; 8</span>
</code></pre></div></div>

<h2 id="lists">Lists</h2>

<p>Cum sociis natoque penatibus et magnis dis parturient montes, nascetur ridiculus mus. Aenean lacinia bibendum nulla sed consectetur. Etiam porta sem malesuada magna mollis euismod. Fusce dapibus, tellus ac cursus commodo, tortor mauris condimentum nibh, ut fermentum massa justo sit amet risus.</p>

<ul>
  <li>Praesent commodo cursus magna, vel scelerisque nisl consectetur et.</li>
  <li>Donec id elit non mi porta gravida at eget metus.</li>
  <li>Nulla vitae elit libero, a pharetra augue.</li>
</ul>

<p>Donec ullamcorper nulla non metus auctor fringilla. Nulla vitae elit libero, a pharetra augue.</p>

<ol>
  <li>Vestibulum id ligula porta felis euismod semper.</li>
  <li>Cum sociis natoque penatibus et magnis dis parturient montes, nascetur ridiculus mus.</li>
  <li>Maecenas sed diam eget risus varius blandit sit amet non magna.</li>
</ol>

<p>Cras mattis consectetur purus sit amet fermentum. Sed posuere consectetur est at lobortis.</p>

<dl>
  <dt>HyperText Markup Language (<abbr title="HyperText Markup Language">HTML</abbr>)</dt>
  <dd>The language used to describe and define the content of a Web page</dd>
  <dt>Cascading Style Sheets (<abbr title="Cascading Style Sheets">CSS</abbr>)</dt>
  <dd>Used to describe the appearance of Web content</dd>
  <dt>JavaScript (<abbr title="JavaScript">JS</abbr>)</dt>
  <dd>The programming language used to build advanced Web sites and applications</dd>
</dl>

<p>Integer posuere erat a ante venenatis dapibus posuere velit aliquet. Morbi leo risus, porta ac consectetur ac, vestibulum at eros. Nullam quis risus eget urna mollis ornare vel eu leo.</p>

<h2 id="images">Images</h2>

<p>Quisque consequat sapien eget quam rhoncus, sit amet laoreet diam tempus. Aliquam aliquam metus erat, a pulvinar turpis suscipit at.</p>

<p><img src="https://via.placeholder.com/800x400" alt="800x400" title="Large example image" /></p>

<p><img src="https://via.placeholder.com/400x200" alt="400x200" title="Medium example image" /></p>

<p><img src="https://via.placeholder.com/200x200" alt="200x200" title="Small example image" /></p>

<h2 id="tables">Tables</h2>

<p>Aenean lacinia bibendum nulla sed consectetur. Lorem ipsum dolor sit amet, consectetur adipiscing elit.</p>

<table>
  <thead>
    <tr>
      <th style="text-align: left">Name</th>
      <th style="text-align: left">Upvotes</th>
      <th style="text-align: left">Downvotes</th>
    </tr>
  </thead>
  <tbody>
    <tr>
      <td style="text-align: left">Alice</td>
      <td style="text-align: left">10</td>
      <td style="text-align: left">11</td>
    </tr>
    <tr>
      <td style="text-align: left">Bob</td>
      <td style="text-align: left">4</td>
      <td style="text-align: left">3</td>
    </tr>
    <tr>
      <td style="text-align: left">Charlie</td>
      <td style="text-align: left">7</td>
      <td style="text-align: left">9</td>
    </tr>
  </tbody>
  <tfoot>
    <tr>
      <td style="text-align: left">Totals</td>
      <td style="text-align: left">21</td>
      <td style="text-align: left">23</td>
    </tr>
  </tfoot>
</table>

<p>Nullam id dolor id nibh ultricies vehicula ut id elit. Sed posuere consectetur est at lobortis. Nullam quis risus eget urna mollis ornare vel eu leo.</p>]]></content><author><name>C M Abdullah Khan</name><email>cmabdullah21@gmail.com</email></author><category term="example" /><summary type="html"><![CDATA[this is optional test article]]></summary></entry><entry><title type="html">Introducing Hydejack 9</title><link href="http://localhost:4000/example/2020-07-03-introducing-hydejack-9/" rel="alternate" type="text/html" title="Introducing Hydejack 9" /><published>2020-07-03T00:00:00+06:00</published><updated>2022-05-09T09:52:06+06:00</updated><id>http://localhost:4000/example/introducing-hydejack-9</id><content type="html" xml:base="http://localhost:4000/example/2020-07-03-introducing-hydejack-9/"><![CDATA[<p class="lead">Version 9 is the most complete version of Hydejack yet.</p>

<p><a href="#linking-in-style">Modernized</a> <a href="#whats-in-the-cards">design</a>, <a href="#ready-for-the-big-screen">big headlines</a>, big new features: <a href="#built-in-search">Built-In Search</a>, <a href="#sticky-table-of-contents">Sticky Table of Contents</a>, and <a href="#auto-hiding-navbar">Auto-Hiding Navbar</a>. That <a href="#and-much-more">and more</a> is Hydejack 9.</p>

<ul class="large-only" id="markdown-toc">
  <li><a href="#linking-in-style" id="markdown-toc-linking-in-style">Linking in Style</a></li>
  <li><a href="#ready-for-the-big-screen" id="markdown-toc-ready-for-the-big-screen">Ready for the Big Screen</a></li>
  <li><a href="#whats-in-the-cards" id="markdown-toc-whats-in-the-cards">What’s in the Cards?</a></li>
  <li><a href="#built-in-search" id="markdown-toc-built-in-search">Built-In Search</a></li>
  <li><a href="#auto-hiding-navbar" id="markdown-toc-auto-hiding-navbar">Auto-Hiding Navbar</a></li>
  <li><a href="#sticky-table-of-contents" id="markdown-toc-sticky-table-of-contents">Sticky Table of Contents</a></li>
  <li><a href="#and-much-more" id="markdown-toc-and-much-more">…and much more</a></li>
  <li><a href="#even-more-to-come" id="markdown-toc-even-more-to-come">Even More to Come</a></li>
  <li><a href="#get-it-now" id="markdown-toc-get-it-now">Get It Now</a></li>
</ul>

<h2 id="linking-in-style">Linking in Style</h2>

<p>Ever since the introduction of Dark Mode, link styles have been a bit of an issue. Specifically, finding an accent color that worked on both light and dark backgrounds was the problem. With Hydejack 9, the <a href="#linking-in-style">link style</a> has been revamped so that legibility is no longer tied to the choice of accent_color, giving you much more freedom in creating a unique design flavor for your site.</p>

<h2 id="ready-for-the-big-screen">Ready for the Big Screen</h2>

<p>The theme on which Hydejack is based was designed for a different era of the web. Hydejack has inherited many of its limitations, but over time I’ve made adjustments, such as centering the content column for better reading ergonomics.</p>

<p>With version 9, Hydejack takes full advantage of large displays. Whether it’s design indulgences such as oversized headlines, or quality of life improvements such as a floating table of contents, Hydejack now finds use for all that extra screen real estate<sup id="fnref:1" role="doc-noteref"><a href="#fn:1" class="footnote" rel="footnote">1</a></sup>.</p>

<h2 id="whats-in-the-cards">What’s in the Cards?</h2>

<p>Hydejack 9 now lets you use content cards for both projects and posts. 
The cards have been redesigned with a new hover style and drop shadows and they retain their unique transition-to-next-page animations, which now also work on the <code class="language-plaintext highlighter-rouge">blog</code> layout. The new <code class="language-plaintext highlighter-rouge">grid</code> layout lets you do that.</p>

<p>Good images are key to making the most out of content cards. For that reason, a <a href="/docs/basics/#adding-images">chapter on images</a> has been added to the documentation.</p>

<h2 id="built-in-search">Built-In Search</h2>

<p>Hydejack now has Built-In Search. It even works offline. I’ve been prototyping many approaches and eventually settled on a fully client-side, off-the-main thread solution that perfectly fits the use case of personal sites and shows surprisingly good results<sup id="fnref:2" role="doc-noteref"><a href="#fn:2" class="footnote" rel="footnote">2</a></sup>.</p>

<p>The new search UI is custom made for Hydejack and shows beautiful previews of your posts and pages, right on top of your regular content.</p>

<p>Together with the Auto-Hiding Navbar, your entire content library is now only a couple of keystrokes away.</p>

<h2 id="auto-hiding-navbar">Auto-Hiding Navbar</h2>

<p>A navbar that’s there when you need it, and disappears when you don’t. Simple as that.</p>

<h2 id="sticky-table-of-contents">Sticky Table of Contents</h2>

<p>Already a staple on so many sites on the web, this pattern is now also available in Hydejack. 
What’s unique about it is that it simply picks up the table of contents already created by kramdown’s <code class="language-plaintext highlighter-rouge">{:toc}</code> tag and transparently upgrades it to a fully dynamic version.</p>

<h2 id="and-much-more">…and much more</h2>

<p>Other noteworthy changes include:</p>
<ul>
  <li>Support for Jekyll 4</li>
  <li>Choice between MathJax and KaTeX for math rendering</li>
  <li>Use of <code class="language-plaintext highlighter-rouge">jekyll-include-cache</code> for drastically improved page building speeds</li>
  <li>New variables configuration file — adjust content width, sidebar width, font size, etc…</li>
  <li>…and the option to disable grouping projects by year.</li>
</ul>

<p>Read the the <a href="/CHANGELOG/" class="heading flip-title">CHANGELOG</a> for the full scope of features and improvements made in Hydejack 9.
Maybe just glance at it to confirm that it is indeed a pretty long list.</p>

<h2 id="even-more-to-come">Even More to Come</h2>

<p>New features for 9.1 are already lined up. Code block headers and code line highlights for even better technical blogging, as well as download buttons on the resume page for PDF, vCard, and Resume JSON are just around the corner.</p>

<h2 id="get-it-now">Get It Now</h2>
<p>The Free Version of Hydejack is now availabe on <a href="https://rubygems.org/gems/jekyll-theme-hydejack">RubyGems</a>
and for the first time also on <a href="https://github.com/hydecorp/hydejack/packages">GitHub Packages</a>. 
The source code is available on <a href="https://github.com/hydecorp/hydejack">GitHub</a> as always.</p>

<p>The PRO Version is scheduled to release on July 7th on Gumroad. Pre-Orders are open now:</p>

<div class="gumroad-product-embed" data-gumroad-product-id="nuOluY"><a href="https://gumroad.com/l/nuOluY">Loading…</a></div>

<div class="footnotes" role="doc-endnotes">
  <ol>
    <li id="fn:1" role="doc-endnote">
      <p>If you are a fan of the old two-column layout, or don’t like modern design tropes such as mega headlines, Hydejack lets you revert these changes on a case-by-case basis via configuration options. <a href="#fnref:1" class="reversefootnote" role="doc-backlink">&#x21a9;&#xfe0e;</a></p>
    </li>
    <li id="fn:2" role="doc-endnote">

      <p>Search was mainly tested for English and German. Please let me know about issues in other languages. 
  While I’ve tried to find a multi-language solution, most showed drastically worse  results for the English base case.
  If you’re technically inclined, you can adopt the code located in <code class="language-plaintext highlighter-rouge">_includes/js/search-worker.js</code> to your needs. <a href="#fnref:2" class="reversefootnote" role="doc-backlink">&#x21a9;&#xfe0e;</a></p>
    </li>
  </ol>
</div>]]></content><author><name>C M Abdullah Khan</name><email>cmabdullah21@gmail.com</email></author><category term="example" /><summary type="html"><![CDATA[Version 9 is the most complete version of Hydejack yet. Modernized design, big headlines, and big new features.]]></summary><media:thumbnail xmlns:media="http://search.yahoo.com/mrss/" url="http://localhost:4000/assets/img/blog/jeremy-bishop@0,5x.jpg" /><media:content medium="image" url="http://localhost:4000/assets/img/blog/jeremy-bishop@0,5x.jpg" xmlns:media="http://search.yahoo.com/mrss/" /></entry><entry><title type="html">Github gist</title><link href="http://localhost:4000/blog/2020-01-20-github-gist/" rel="alternate" type="text/html" title="Github gist" /><published>2020-01-20T00:00:00+06:00</published><updated>2022-05-09T09:52:06+06:00</updated><id>http://localhost:4000/blog/github-gist</id><content type="html" xml:base="http://localhost:4000/blog/2020-01-20-github-gist/"><![CDATA[<p>Cum sociis natoque penatibus et magnis <a href="#">dis parturient montes</a>, nascetur ridiculus mus. <em>Aenean eu leo quam.</em> Pellentesque ornare sem lacinia quam venenatis vestibulum. Sed posuere consectetur est at lobortis. Cras mattis consectetur purus sit amet fermentum.</p>

<blockquote>
  <p>Curabitur blandit tempus porttitor. Nullam quis risus eget urna mollis ornare vel eu leo. Nullam id dolor id nibh ultricies vehicula ut id elit.</p>
</blockquote>

<p>Etiam porta <strong>sem malesuada magna</strong> mollis euismod. Cras mattis consectetur purus sit amet fermentum. Aenean lacinia bibendum nulla sed consectetur.</p>

<h2 id="inline-html-elements">Inline <abbr title="HyperText Markup Language">HTML</abbr> elements</h2>

<p><abbr title="HyperText Markup Language">HTML</abbr> defines a long list of available inline tags, a complete list of which can be found on the <a href="https://developer.mozilla.org/en-US/docs/Web/HTML/Element">Mozilla Developer Network</a>.</p>

<ul>
  <li><strong>To bold text</strong>, use <code class="language-plaintext highlighter-rouge">**To bold text**</code>.</li>
  <li><em>To italicize text</em>, use <code class="language-plaintext highlighter-rouge">*To italicize text*</code>.</li>
  <li>Abbreviations, like <abbr title="HyperText Markup Language">HTML</abbr> should be defined like this <code class="language-plaintext highlighter-rouge">*[HTML]: HyperText Markup Language</code>.</li>
  <li>Citations, like <cite>— Mark otto</cite>, should use <code class="language-plaintext highlighter-rouge">&lt;cite&gt;</code>.</li>
  <li><del>Deleted</del> text should use <code class="language-plaintext highlighter-rouge">~~deleted~~</code> and <ins>inserted</ins> text should use <code class="language-plaintext highlighter-rouge">&lt;ins&gt;</code>.</li>
  <li>Superscript <sup>text</sup> uses <code class="language-plaintext highlighter-rouge">&lt;sup&gt;</code> and subscript <sub>text</sub> uses <code class="language-plaintext highlighter-rouge">&lt;sub&gt;</code>.</li>
</ul>

<p>Most of these elements are styled by browsers with few modifications on our part.</p>

<h2 id="heading-2">Heading 2</h2>
<p>Vivamus sagittis lacus vel augue rutrum faucibus dolor auctor. Duis mollis, est non commodo luctus, nisi erat porttitor ligula, eget lacinia odio sem nec elit. Morbi leo risus, porta ac consectetur ac, vestibulum at eros.</p>

<h3 id="heading-3">Heading 3</h3>
<p>Vivamus sagittis lacus vel augue rutrum faucibus dolor auctor.</p>

<h4 id="heading-4">Heading 4</h4>
<p>Vivamus sagittis lacus vel augue rutrum faucibus dolor auctor.</p>

<h5 id="heading-5">Heading 5</h5>
<p>Vivamus sagittis lacus vel augue rutrum faucibus dolor auctor.</p>

<h6 id="heading-6">Heading 6</h6>
<p>Vivamus sagittis lacus vel augue rutrum faucibus dolor auctor.</p>

<h2 id="code">Code</h2>

<p>Cum sociis natoque penatibus et magnis dis <code class="language-plaintext highlighter-rouge">code element</code> montes, nascetur ridiculus mus.</p>

<div class="language-js highlighter-rouge"><div class="highlight"><pre class="highlight"><code><span class="c1">// Example can be run directly in your JavaScript console</span>

<span class="c1">// Create a function that takes two arguments and returns the sum of those</span>
<span class="c1">// arguments</span>
<span class="kd">var</span> <span class="nx">adder</span> <span class="o">=</span> <span class="k">new</span> <span class="nb">Function</span><span class="p">(</span><span class="dl">"</span><span class="s2">a</span><span class="dl">"</span><span class="p">,</span> <span class="dl">"</span><span class="s2">b</span><span class="dl">"</span><span class="p">,</span> <span class="dl">"</span><span class="s2">return a + b</span><span class="dl">"</span><span class="p">);</span>

<span class="c1">// Call the function</span>
<span class="nx">adder</span><span class="p">(</span><span class="mi">2</span><span class="p">,</span> <span class="mi">6</span><span class="p">);</span>
<span class="c1">// &gt; 8</span>
</code></pre></div></div>

<h2 id="lists">Lists</h2>

<p>Cum sociis natoque penatibus et magnis dis parturient montes, nascetur ridiculus mus. Aenean lacinia bibendum nulla sed consectetur. Etiam porta sem malesuada magna mollis euismod. Fusce dapibus, tellus ac cursus commodo, tortor mauris condimentum nibh, ut fermentum massa justo sit amet risus.</p>

<ul>
  <li>Praesent commodo cursus magna, vel scelerisque nisl consectetur et.</li>
  <li>Donec id elit non mi porta gravida at eget metus.</li>
  <li>Nulla vitae elit libero, a pharetra augue.</li>
</ul>

<p>Donec ullamcorper nulla non metus auctor fringilla. Nulla vitae elit libero, a pharetra augue.</p>

<ol>
  <li>Vestibulum id ligula porta felis euismod semper.</li>
  <li>Cum sociis natoque penatibus et magnis dis parturient montes, nascetur ridiculus mus.</li>
  <li>Maecenas sed diam eget risus varius blandit sit amet non magna.</li>
</ol>

<p>Cras mattis consectetur purus sit amet fermentum. Sed posuere consectetur est at lobortis.</p>

<dl>
  <dt>HyperText Markup Language (<abbr title="HyperText Markup Language">HTML</abbr>)</dt>
  <dd>The language used to describe and define the content of a Web page</dd>
  <dt>Cascading Style Sheets (<abbr title="Cascading Style Sheets">CSS</abbr>)</dt>
  <dd>Used to describe the appearance of Web content</dd>
  <dt>JavaScript (<abbr title="JavaScript">JS</abbr>)</dt>
  <dd>The programming language used to build advanced Web sites and applications</dd>
</dl>

<p>Integer posuere erat a ante venenatis dapibus posuere velit aliquet. Morbi leo risus, porta ac consectetur ac, vestibulum at eros. Nullam quis risus eget urna mollis ornare vel eu leo.</p>

<h2 id="images">Images</h2>

<p>Quisque consequat sapien eget quam rhoncus, sit amet laoreet diam tempus. Aliquam aliquam metus erat, a pulvinar turpis suscipit at.</p>

<p><img src="https://via.placeholder.com/800x400" alt="800x400" title="Large example image" /></p>

<p><img src="https://via.placeholder.com/400x200" alt="400x200" title="Medium example image" /></p>

<p><img src="https://via.placeholder.com/200x200" alt="200x200" title="Small example image" /></p>

<h2 id="tables">Tables</h2>

<p>Aenean lacinia bibendum nulla sed consectetur. Lorem ipsum dolor sit amet, consectetur adipiscing elit.</p>

<table>
  <thead>
    <tr>
      <th style="text-align: left">Name</th>
      <th style="text-align: left">Upvotes</th>
      <th style="text-align: left">Downvotes</th>
    </tr>
  </thead>
  <tbody>
    <tr>
      <td style="text-align: left">Alice</td>
      <td style="text-align: left">10</td>
      <td style="text-align: left">11</td>
    </tr>
    <tr>
      <td style="text-align: left">Bob</td>
      <td style="text-align: left">4</td>
      <td style="text-align: left">3</td>
    </tr>
    <tr>
      <td style="text-align: left">Charlie</td>
      <td style="text-align: left">7</td>
      <td style="text-align: left">9</td>
    </tr>
  </tbody>
  <tfoot>
    <tr>
      <td style="text-align: left">Totals</td>
      <td style="text-align: left">21</td>
      <td style="text-align: left">23</td>
    </tr>
  </tfoot>
</table>

<p>Nullam id dolor id nibh ultricies vehicula ut id elit. Sed posuere consectetur est at lobortis. Nullam quis risus eget urna mollis ornare vel eu leo.</p>]]></content><author><name>C M Abdullah Khan</name><email>cmabdullah21@gmail.com</email></author><category term="blog" /><summary type="html"><![CDATA[git article]]></summary></entry><entry><title type="html">খুব সহজেই বানিয়ে ফেলুন TCP সার্ভার</title><link href="http://localhost:4000/blog/2018-10-17-create-TCP-server/" rel="alternate" type="text/html" title="খুব সহজেই বানিয়ে ফেলুন TCP সার্ভার" /><published>2018-10-17T00:00:00+06:00</published><updated>2022-05-09T13:45:39+06:00</updated><id>http://localhost:4000/blog/create-TCP-server</id><content type="html" xml:base="http://localhost:4000/blog/2018-10-17-create-TCP-server/"><![CDATA[<p><img src="/assets/img/img.png" alt="800x400" title="Large example image" /></p>

<p>জাভা একটি প্রিমিয়ার ল্যাঙ্গুয়েজ নেটওয়ার্ক প্রোগ্রামিং এর জন্য। সকেট প্রোগ্রামিং এর মধ্যে অন্যতম। বিশেষ করে যারা ক্লায়েন্ট সার্ভার বেসড এপ্লিকেশন কাজ করেন।</p>

<p>import java.net.*; প্যাকেজ কিছু class এবং interface সরবরাহ করে নেটওয়ার্কিং সংক্রান্ত প্রোগ্রাম লিখার জন্য। TCP/IP সকেট এর মাধ্যমে প্রোগ্রামার অন্য নেটওয়ার্ক এর সাথে যোগাযোগ করতে পারে।</p>

<p>এখন আসি সকেট কি ? ক্লায়েন্ট সার্ভার যোগাযোগ রক্ষার জন্য ক্লায়েন্ট এর একটা end point থাকে, সার্ভার এর একটা end point থাকে। সকেট হচ্ছে একটা end point দুইটা ক্লায়েন্ট সার্ভার যোগাযোগ মাধ্যমের। সকেট কে একটা পোর্ট নাম্বার দিয়ে বাউন্ড করতে হয়। যাতে TCP লেয়ার প্রোগ্রাম কে বুঝতে পারে,।</p>

<p>সকেটের বৈশিষ্ট্য</p>

<p>১ রিমোট সার্ভারের সাথে যোগাযোগ স্থাপন করে।</p>

<p>২ তথ্য পাঠাতে পারে।</p>

<p>৩ তথ্য গ্রোহন করে।</p>

<p>৪ রিমোট সার্ভারের সাথে যোগাযোগ বিচ্ছিন্ন করে।</p>

<p>৫ নতুন একটা পোর্ট এর সাথে বাইন্ড করে।</p>

<p>৬ রিমোট সার্ভার থেকে ইনকামিং ডাটা লিসেন করে।</p>

<p>৭ পোর্ট বাইন্ড এর মাধ্যমে রিমোট সার্ভারের সাথে যোগাযোগ রক্ষা করে।</p>

<p>ServerSocket server = new ServerSocket(8081);</p>

<p>ServerSocket অবজেক্ট ৮০৮১ পোর্ট এর মাধ্যমে রিমোট সার্ভার এর সাথে যোগাযোগ স্থাপন করে, এবং InputStream/OutputStream এর মাধ্যমে তথ্য আদান প্রদান করে। এ ধরনের কানেকশন সাধারণত ফুল ডুপ্লেক্স হয়ে থাকে।</p>

<p>এখন আমরা ক্লায়েন্ট এর জন্য একটা মেসেজ প্রিন্ট করে নেই।।</p>

<p>System.out.println(“waiting for clients….”);</p>

<p>Socket socket = serverSocket.accept();</p>

<p>accept() মেথড রিটার্ন করে সকেট অবজেক্ট যেটি আমরা ব্যবহার করবো ক্লায়েন্টের কাছে ডাটা পরিবহনের জন্য। accept() সার্ভারকে ব্লক করে রাখে যথক্ষন পর্যন্ত ক্লায়েন্ট থেকে কোনো রিকুয়েস্ট না পায়। যখন ক্লায়েন্ট সার্ভারের সাথে কানেক্টেড হয় তখন accept() মেথড রিটার্ন করে সকেট অবজেক্ট তারপর পরবর্তী লাইন রান করে,</p>

<p>যেহেতু আমরা ক্লায়েন্ট কে একটা ছোটো মেসেজ পাঠাব তাই আমরা PrintWriter ব্যবহার করতে পারি</p>

<p>PrintWriter out = new PrintWriter(socket.getOutputStream(),true);//write message</p>

<p>আমরা ক্লায়েন্টকে কি মেসেজ পাঠাব তাই লিখে ফেলি</p>

<p>out.println(“Hello client!”);</p>

<p>এখন আমরা ক্লায়েন্টের থেকে কিছু ডাটা রিড করব। এজন্য আমরা BufferedReader ব্যবহার করতে পারি কারন আমরা একটা মেসেজ পড়তে যাচ্ছি ক্লায়েন্টের থেকে।।</p>

<p>BufferedReader input = new BufferedReader(new InputStreamReader(socket.getInputStream()));//read message….</p>

<p>এখন আমরা Input অবজেক্ট রিড করতে পারব ক্লায়েন্ট থেকে(একটা ফাইল থেকে ডাটা রিড করা এবং একটা সকেট থেকে ডাটা রিড করা অনেকটা একই রকম)</p>

<p>String clientInput = input.readLine();</p>

<p>এখন আমরা মেসেজটা প্রিন্ট করে দিতে পারি</p>

<p>System.out.println(clientInput);</p>

<p>এখন আমরা যেই কানেকশন গুলো ওপেন করেছিলাম সেইগুলো ক্লোজ করে দেই</p>

<p>input.close();</p>

<p>out.close();</p>

<p>socket.close();</p>

<p>serverSocket.close();</p>

<p>সম্পূর্ণ কোড এখানে</p>

<div class="language-java highlighter-rouge"><div class="highlight"><pre class="highlight"><code><span class="kn">import</span> <span class="nn">java.io.BufferedReader</span><span class="o">;</span>
<span class="kn">import</span> <span class="nn">java.io.IOException</span><span class="o">;</span>
<span class="kn">import</span> <span class="nn">java.io.InputStreamReader</span><span class="o">;</span>
<span class="kn">import</span> <span class="nn">java.io.PrintWriter</span><span class="o">;</span>
<span class="kn">import</span> <span class="nn">java.net.ServerSocket</span><span class="o">;</span>
<span class="kn">import</span> <span class="nn">java.net.Socket</span><span class="o">;</span>

<span class="kd">public</span> <span class="kd">class</span> <span class="nc">App</span> <span class="o">{</span>
	<span class="kd">public</span> <span class="kd">static</span> <span class="kt">void</span> <span class="nf">main</span><span class="o">(</span><span class="nc">String</span><span class="o">[]</span> <span class="n">args</span><span class="o">)</span> <span class="kd">throws</span> <span class="nc">IOException</span> <span class="o">{</span>
		<span class="nc">ServerSocket</span> <span class="n">serverSocket</span> <span class="o">=</span> <span class="k">new</span> <span class="nc">ServerSocket</span><span class="o">(</span><span class="mi">8081</span><span class="o">);</span><span class="c1">// bind with this port number....</span>
		<span class="nc">System</span><span class="o">.</span><span class="na">out</span><span class="o">.</span><span class="na">println</span><span class="o">(</span><span class="s">"witing for clients...."</span><span class="o">);</span>
		<span class="nc">Socket</span> <span class="n">socket</span> <span class="o">=</span> <span class="n">serverSocket</span><span class="o">.</span><span class="na">accept</span><span class="o">();</span>
		<span class="nc">PrintWriter</span> <span class="n">out</span> <span class="o">=</span> <span class="k">new</span> <span class="nc">PrintWriter</span><span class="o">(</span><span class="n">socket</span><span class="o">.</span><span class="na">getOutputStream</span><span class="o">(),</span> <span class="kc">true</span><span class="o">);</span><span class="c1">// write message</span>
		<span class="n">out</span><span class="o">.</span><span class="na">println</span><span class="o">(</span><span class="s">"Hello client!"</span><span class="o">);</span>
		<span class="nc">BufferedReader</span> <span class="n">input</span> <span class="o">=</span> <span class="k">new</span> <span class="nc">BufferedReader</span><span class="o">(</span><span class="k">new</span> <span class="nc">InputStreamReader</span><span class="o">(</span><span class="n">socket</span><span class="o">.</span><span class="na">getInputStream</span><span class="o">()));</span><span class="c1">// read message....</span>
		<span class="nc">String</span> <span class="n">clientInput</span> <span class="o">=</span> <span class="n">input</span><span class="o">.</span><span class="na">readLine</span><span class="o">();</span>
		<span class="nc">System</span><span class="o">.</span><span class="na">out</span><span class="o">.</span><span class="na">println</span><span class="o">(</span><span class="n">clientInput</span><span class="o">);</span>
		<span class="n">input</span><span class="o">.</span><span class="na">close</span><span class="o">();</span>
		<span class="n">out</span><span class="o">.</span><span class="na">close</span><span class="o">();</span>
		<span class="n">socket</span><span class="o">.</span><span class="na">close</span><span class="o">();</span>
		<span class="n">serverSocket</span><span class="o">.</span><span class="na">close</span><span class="o">();</span>
	<span class="o">}</span>
<span class="o">}</span>
</code></pre></div></div>

<p>এখন আমাদের একজন ক্লায়েন্ট দরকার, আমরা operating systen এর telnet ক্লায়েন্ট ব্যবহার করতে পারি , আমরা telnet কানেকশন terminal এর মাধ্যমে ওপেন করতে পারি. মেশিনে ইন্সটল না থাকলে করে নিবো।</p>

<p><img src="/assets/img/img_1.png" alt="800x400" title="Large example image" /></p>

<p>আমরা মেশিনে telnet আছে কিনা নিশ্চিত হই</p>

<p><img src="/assets/img/img_2.png" alt="800x400" title="Large example image" />
প্রোগ্রামটা রান করি
<img src="/assets/img/img_3.png" alt="800x400" title="Large example image" /></p>

<p>Localhost এর 8081 পোর্টে telnet ক্লায়েন্ট সার্ভার রান করি, আমরা দেখতে পাব এপ্লিকেশন সার্ভার থেকে Hello client! মেসেজ রিড করবে। এখন আমরা যদি একটা মেসেজ রাইট করি hello server i am back তবে আমরা এপ্লিকেশন সার্ভারের console এ দেখতে পাব।</p>

<p><img src="/assets/img/img_4.png" alt="800x400" title="Large example image" /></p>

<p>অবশেষে আমরা আমাদের সার্ভার বানিয়ে ফেলেছি, পরবর্তীতে আমরা দেখব কিভাবে non blocking I/O সার্ভার বানাবো।</p>]]></content><author><name>C M Abdullah Khan</name><email>cmabdullah21@gmail.com</email></author><category term="blog" /><summary type="html"><![CDATA[]]></summary></entry><entry><title type="html">Example Content III</title><link href="http://localhost:4000/example/2018-06-01-example-content-iii/" rel="alternate" type="text/html" title="Example Content III" /><published>2018-06-01T00:00:00+06:00</published><updated>2022-05-09T09:52:06+06:00</updated><id>http://localhost:4000/example/example-content-iii</id><content type="html" xml:base="http://localhost:4000/example/2018-06-01-example-content-iii/"><![CDATA[<p>Hydejack offers a few additional features to markup your markdown.
Don’t worry, these are merely CSS classes added with kramdown’s <code class="language-plaintext highlighter-rouge">{:...}</code> syntax,
so that your content remains compatible with other Jekyll themes.</p>

<h2 id="large-tables">Large Tables</h2>

<table class="scroll-table">
  <thead>
    <tr>
      <th>Default aligned</th>
      <th style="text-align: left">Left aligned</th>
      <th style="text-align: center">Center aligned</th>
      <th style="text-align: right">Right aligned</th>
      <th>Default aligned</th>
      <th style="text-align: left">Left aligned</th>
      <th style="text-align: center">Center aligned</th>
      <th style="text-align: right">Right aligned</th>
      <th>Default aligned</th>
      <th style="text-align: left">Left aligned</th>
      <th style="text-align: center">Center aligned</th>
      <th style="text-align: right">Right aligned</th>
      <th>Default aligned</th>
      <th style="text-align: left">Left aligned</th>
      <th style="text-align: center">Center aligned</th>
      <th style="text-align: right">Right aligned</th>
    </tr>
  </thead>
  <tbody>
    <tr>
      <td>First body part</td>
      <td style="text-align: left">Second cell</td>
      <td style="text-align: center">Third cell</td>
      <td style="text-align: right">fourth cell</td>
      <td>First body part</td>
      <td style="text-align: left">Second cell</td>
      <td style="text-align: center">Third cell</td>
      <td style="text-align: right">fourth cell</td>
      <td>First body part</td>
      <td style="text-align: left">Second cell</td>
      <td style="text-align: center">Third cell</td>
      <td style="text-align: right">fourth cell</td>
      <td>First body part</td>
      <td style="text-align: left">Second cell</td>
      <td style="text-align: center">Third cell</td>
      <td style="text-align: right">fourth cell</td>
    </tr>
    <tr>
      <td>Second line</td>
      <td style="text-align: left">foo</td>
      <td style="text-align: center"><strong>strong</strong></td>
      <td style="text-align: right">baz</td>
      <td>Second line</td>
      <td style="text-align: left">foo</td>
      <td style="text-align: center"><strong>strong</strong></td>
      <td style="text-align: right">baz</td>
      <td>Second line</td>
      <td style="text-align: left">foo</td>
      <td style="text-align: center"><strong>strong</strong></td>
      <td style="text-align: right">baz</td>
      <td>Second line</td>
      <td style="text-align: left">foo</td>
      <td style="text-align: center"><strong>strong</strong></td>
      <td style="text-align: right">baz</td>
    </tr>
    <tr>
      <td>Third line</td>
      <td style="text-align: left">quux</td>
      <td style="text-align: center">baz</td>
      <td style="text-align: right">bar</td>
      <td>Third line</td>
      <td style="text-align: left">quux</td>
      <td style="text-align: center">baz</td>
      <td style="text-align: right">bar</td>
      <td>Third line</td>
      <td style="text-align: left">quux</td>
      <td style="text-align: center">baz</td>
      <td style="text-align: right">bar</td>
      <td>Third line</td>
      <td style="text-align: left">quux</td>
      <td style="text-align: center">baz</td>
      <td style="text-align: right">bar</td>
    </tr>
    <tr>
      <td>Second body</td>
      <td style="text-align: left"> </td>
      <td style="text-align: center"> </td>
      <td style="text-align: right"> </td>
      <td>Second body</td>
      <td style="text-align: left"> </td>
      <td style="text-align: center"> </td>
      <td style="text-align: right"> </td>
      <td>Second body</td>
      <td style="text-align: left"> </td>
      <td style="text-align: center"> </td>
      <td style="text-align: right"> </td>
      <td>Second body</td>
      <td style="text-align: left"> </td>
      <td style="text-align: center"> </td>
      <td style="text-align: right"> </td>
    </tr>
    <tr>
      <td>2 line</td>
      <td style="text-align: left"> </td>
      <td style="text-align: center"> </td>
      <td style="text-align: right"> </td>
      <td>2 line</td>
      <td style="text-align: left"> </td>
      <td style="text-align: center"> </td>
      <td style="text-align: right"> </td>
      <td>2 line</td>
      <td style="text-align: left"> </td>
      <td style="text-align: center"> </td>
      <td style="text-align: right"> </td>
      <td>2 line</td>
      <td style="text-align: left"> </td>
      <td style="text-align: center"> </td>
      <td style="text-align: right"> </td>
    </tr>
    <tr>
      <td>Footer row</td>
      <td style="text-align: left"> </td>
      <td style="text-align: center"> </td>
      <td style="text-align: right"> </td>
      <td>Footer row</td>
      <td style="text-align: left"> </td>
      <td style="text-align: center"> </td>
      <td style="text-align: right"> </td>
      <td>Footer row</td>
      <td style="text-align: left"> </td>
      <td style="text-align: center"> </td>
      <td style="text-align: right"> </td>
      <td>Footer row</td>
      <td style="text-align: left"> </td>
      <td style="text-align: center"> </td>
      <td style="text-align: right"> </td>
    </tr>
  </tbody>
</table>

<h2 id="code-blocks">Code blocks</h2>

<div class="language-js highlighter-rouge"><div class="highlight"><pre class="highlight"><code><span class="c1">// Example can be run directly in your JavaScript console</span>

<span class="c1">// Create a function that takes two arguments and returns the sum of those</span>
<span class="c1">// arguments</span>
<span class="kd">var</span> <span class="nx">adder</span> <span class="o">=</span> <span class="k">new</span> <span class="nb">Function</span><span class="p">(</span><span class="dl">"</span><span class="s2">a</span><span class="dl">"</span><span class="p">,</span> <span class="dl">"</span><span class="s2">b</span><span class="dl">"</span><span class="p">,</span> <span class="dl">"</span><span class="s2">return a + b</span><span class="dl">"</span><span class="p">);</span>

<span class="c1">// Call the function</span>
<span class="nx">adder</span><span class="p">(</span><span class="mi">2</span><span class="p">,</span> <span class="mi">6</span><span class="p">);</span>
<span class="c1">// &gt; 8</span>
</code></pre></div></div>

<h2 id="math">Math</h2>
<p>Lorem ipsum \(f(x) = x^2\).</p>

\[\begin{aligned}
  \phi(x,y) &amp;= \phi \left(\sum_{i=1}^n x_ie_i, \sum_{j=1}^n y_je_j \right) \\[2em]
            &amp;= \sum_{i=1}^n \sum_{j=1}^n x_i y_j \phi(e_i, e_j)            \\[2em]
            &amp;= (x_1, \ldots, x_n)
               \left(\begin{array}{ccc}
                 \phi(e_1, e_1)  &amp; \cdots &amp; \phi(e_1, e_n) \\
                 \vdots          &amp; \ddots &amp; \vdots         \\
                 \phi(e_n, e_1)  &amp; \cdots &amp; \phi(e_n, e_n)
               \end{array}\right)
               \left(\begin{array}{c}
                 y_1    \\
                 \vdots \\
                 y_n
               \end{array}\right)
\end{aligned}\]

<h2 id="message-boxes">Message boxes</h2>
<p class="message"><strong>NOTE</strong>: You can add a message box.</p>

<h2 id="large-text">Large text</h2>
<p class="lead">You can add large text.</p>

<h2 id="large-images">Large images</h2>
<p><img src="https://via.placeholder.com/800x100" alt="Full-width image" class="lead" width="800" height="100" /></p>

<h2 id="captions-to-images">Captions to images</h2>
<p class="figure"><img src="https://via.placeholder.com/800x100" alt="Full-width image" class="lead" width="800" height="100" />
A caption to an image.</p>

<h2 id="large-quotes">Large quotes</h2>
<blockquote class="lead">
  <p>You can make a quote “pop out”.</p>
</blockquote>

<h2 id="faded-text">Faded text</h2>
<p class="faded">I’m faded, faded, faded.</p>]]></content><author><name>C M Abdullah Khan</name><email>cmabdullah21@gmail.com</email></author><category term="example" /><summary type="html"><![CDATA[A page showing Hydejack-specific markdown content.]]></summary><media:thumbnail xmlns:media="http://search.yahoo.com/mrss/" url="http://localhost:4000/assets/img/blog/example-content-iii.jpg" /><media:content medium="image" url="http://localhost:4000/assets/img/blog/example-content-iii.jpg" xmlns:media="http://search.yahoo.com/mrss/" /></entry><entry><title type="html">Example Content II</title><link href="http://localhost:4000/example/2017-11-23-example-content-ii/" rel="alternate" type="text/html" title="Example Content II" /><published>2017-11-23T00:00:00+06:00</published><updated>2022-05-09T09:52:06+06:00</updated><id>http://localhost:4000/example/example-content-ii</id><content type="html" xml:base="http://localhost:4000/example/2017-11-23-example-content-ii/"><![CDATA[<p>There should be whitespace between paragraphs. We recommend including a README, or a file with information about your project.</p>

<p>There should be whitespace between paragraphs.</p>

<p>Text can be <strong>bold</strong>, <em>italic</em>, or <del>strikethrough</del>.</p>

<p><a href="another-page">Link to another page</a>.</p>

<ul class="large-only" id="markdown-toc">
  <li><a href="#header-2" id="markdown-toc-header-2">Header 2</a>    <ul>
      <li><a href="#header-3" id="markdown-toc-header-3">Header 3</a>        <ul>
          <li><a href="#header-4" id="markdown-toc-header-4">Header 4</a>            <ul>
              <li><a href="#header-5" id="markdown-toc-header-5">Header 5</a>                <ul>
                  <li><a href="#header-6" id="markdown-toc-header-6">Header 6</a></li>
                </ul>
              </li>
            </ul>
          </li>
        </ul>
      </li>
      <li><a href="#theres-a-horizontal-rule-below-this" id="markdown-toc-theres-a-horizontal-rule-below-this">There’s a horizontal rule below this.</a></li>
      <li><a href="#here-is-an-unordered-list" id="markdown-toc-here-is-an-unordered-list">Here is an unordered list:</a></li>
      <li><a href="#and-an-ordered-list" id="markdown-toc-and-an-ordered-list">And an ordered list:</a></li>
      <li><a href="#and-a-nested-list" id="markdown-toc-and-a-nested-list">And a nested list:</a></li>
      <li><a href="#small-image" id="markdown-toc-small-image">Small image</a></li>
      <li><a href="#large-image" id="markdown-toc-large-image">Large image</a></li>
      <li><a href="#definition-lists" id="markdown-toc-definition-lists">Definition lists</a></li>
    </ul>
  </li>
</ul>

<h2 id="header-2">Header 2</h2>

<p>This is a normal paragraph following a header. GitHub is a code hosting platform for version control and collaboration. It lets you and others work together on projects from anywhere.</p>

<h3 id="header-3">Header 3</h3>

<blockquote>
  <p>This is a blockquote following a header.</p>

  <p>When something is important enough, you do it even if the odds are not in your favor.</p>
</blockquote>

<div class="language-js highlighter-rouge"><div class="highlight"><pre class="highlight"><code><span class="c1">// Javascript code with syntax highlighting.</span>
<span class="kd">var</span> <span class="nx">fun</span> <span class="o">=</span> <span class="kd">function</span> <span class="nx">lang</span><span class="p">(</span><span class="nx">l</span><span class="p">)</span> <span class="p">{</span>
  <span class="nx">dateformat</span><span class="p">.</span><span class="nx">i18n</span> <span class="o">=</span> <span class="nx">require</span><span class="p">(</span><span class="dl">'</span><span class="s1">./lang/</span><span class="dl">'</span> <span class="o">+</span> <span class="nx">l</span><span class="p">)</span>
  <span class="k">return</span> <span class="kc">true</span><span class="p">;</span>
<span class="p">}</span>
</code></pre></div></div>

<div class="language-ruby highlighter-rouge"><div class="highlight"><pre class="highlight"><code><span class="c1"># Ruby code with syntax highlighting</span>
<span class="no">GitHubPages</span><span class="o">::</span><span class="no">Dependencies</span><span class="p">.</span><span class="nf">gems</span><span class="p">.</span><span class="nf">each</span> <span class="k">do</span> <span class="o">|</span><span class="n">gem</span><span class="p">,</span> <span class="n">version</span><span class="o">|</span>
  <span class="n">s</span><span class="p">.</span><span class="nf">add_dependency</span><span class="p">(</span><span class="n">gem</span><span class="p">,</span> <span class="s2">"= </span><span class="si">#{</span><span class="n">version</span><span class="si">}</span><span class="s2">"</span><span class="p">)</span>
<span class="k">end</span>
</code></pre></div></div>

<h4 id="header-4">Header 4</h4>

<ul>
  <li>This is an unordered list following a header.</li>
  <li>This is an unordered list following a header.</li>
  <li>This is an unordered list following a header.</li>
</ul>

<h5 id="header-5">Header 5</h5>

<ol>
  <li>This is an ordered list following a header.</li>
  <li>This is an ordered list following a header.</li>
  <li>This is an ordered list following a header.</li>
</ol>

<h6 id="header-6">Header 6</h6>

<table>
  <thead>
    <tr>
      <th style="text-align: left">head1</th>
      <th style="text-align: left">head two</th>
      <th style="text-align: left">three</th>
    </tr>
  </thead>
  <tbody>
    <tr>
      <td style="text-align: left">ok</td>
      <td style="text-align: left">good swedish fish</td>
      <td style="text-align: left">nice</td>
    </tr>
    <tr>
      <td style="text-align: left">out of stock</td>
      <td style="text-align: left">good and plenty</td>
      <td style="text-align: left">nice</td>
    </tr>
    <tr>
      <td style="text-align: left">ok</td>
      <td style="text-align: left">good <code class="language-plaintext highlighter-rouge">oreos</code></td>
      <td style="text-align: left">hmm</td>
    </tr>
    <tr>
      <td style="text-align: left">ok</td>
      <td style="text-align: left">good <code class="language-plaintext highlighter-rouge">zoute</code> drop</td>
      <td style="text-align: left">yumm</td>
    </tr>
  </tbody>
</table>

<h3 id="theres-a-horizontal-rule-below-this">There’s a horizontal rule below this.</h3>

<hr />

<h3 id="here-is-an-unordered-list">Here is an unordered list:</h3>

<ul>
  <li>Item foo</li>
  <li>Item bar</li>
  <li>Item baz</li>
  <li>Item zip</li>
</ul>

<h3 id="and-an-ordered-list">And an ordered list:</h3>

<ol>
  <li>Item one</li>
  <li>Item two</li>
  <li>Item three</li>
  <li>Item four</li>
</ol>

<h3 id="and-a-nested-list">And a nested list:</h3>

<ul>
  <li>level 1 item
    <ul>
      <li>level 2 item</li>
      <li>level 2 item
        <ul>
          <li>level 3 item</li>
          <li>level 3 item</li>
        </ul>
      </li>
    </ul>
  </li>
  <li>level 1 item
    <ul>
      <li>level 2 item</li>
      <li>level 2 item</li>
      <li>level 2 item</li>
    </ul>
  </li>
  <li>level 1 item
    <ul>
      <li>level 2 item</li>
      <li>level 2 item</li>
    </ul>
  </li>
  <li>level 1 item</li>
</ul>

<h3 id="small-image">Small image</h3>

<p><img src="https://assets-cdn.github.com/images/icons/emoji/octocat.png" alt="" /></p>

<h3 id="large-image">Large image</h3>

<p><img src="https://guides.github.com/activities/hello-world/branching.png" alt="" /></p>

<h3 id="definition-lists">Definition lists</h3>

<dl>
  <dt>Name</dt>
  <dd>Godzilla</dd>
  <dt>Born</dt>
  <dd>1952</dd>
  <dt>Birthplace</dt>
  <dd>Japan</dd>
  <dt>Color</dt>
  <dd>Green</dd>
</dl>

<div class="language-plaintext highlighter-rouge"><div class="highlight"><pre class="highlight"><code>Long, single-line code blocks should not wrap. They should horizontally scroll if they are too long. This line should be long enough to demonstrate this. Or is it?
</code></pre></div></div>

<div class="language-plaintext highlighter-rouge"><div class="highlight"><pre class="highlight"><code>The final element.
</code></pre></div></div>]]></content><author><name>C M Abdullah Khan</name><email>cmabdullah21@gmail.com</email></author><category term="example" /><summary type="html"><![CDATA[A page showing how regular markdown content is styled in Hydejack.]]></summary><media:thumbnail xmlns:media="http://search.yahoo.com/mrss/" url="http://localhost:4000/assets/img/blog/example-content-ii.jpg" /><media:content medium="image" url="http://localhost:4000/assets/img/blog/example-content-ii.jpg" xmlns:media="http://search.yahoo.com/mrss/" /></entry><entry><title type="html">Example Content</title><link href="http://localhost:4000/example/2012-02-07-example-content/" rel="alternate" type="text/html" title="Example Content" /><published>2012-02-07T00:00:00+06:00</published><updated>2022-05-09T09:52:06+06:00</updated><id>http://localhost:4000/example/example-content</id><content type="html" xml:base="http://localhost:4000/example/2012-02-07-example-content/"><![CDATA[<p>Cum sociis natoque penatibus et magnis <a href="#">dis parturient montes</a>, nascetur ridiculus mus. <em>Aenean eu leo quam.</em> Pellentesque ornare sem lacinia quam venenatis vestibulum. Sed posuere consectetur est at lobortis. Cras mattis consectetur purus sit amet fermentum.</p>

<blockquote>
  <p>Curabitur blandit tempus porttitor. Nullam quis risus eget urna mollis ornare vel eu leo. Nullam id dolor id nibh ultricies vehicula ut id elit.</p>
</blockquote>

<p>Etiam porta <strong>sem malesuada magna</strong> mollis euismod. Cras mattis consectetur purus sit amet fermentum. Aenean lacinia bibendum nulla sed consectetur.</p>

<h2 id="inline-html-elements">Inline <abbr title="HyperText Markup Language">HTML</abbr> elements</h2>

<p><abbr title="HyperText Markup Language">HTML</abbr> defines a long list of available inline tags, a complete list of which can be found on the <a href="https://developer.mozilla.org/en-US/docs/Web/HTML/Element">Mozilla Developer Network</a>.</p>

<ul>
  <li><strong>To bold text</strong>, use <code class="language-plaintext highlighter-rouge">**To bold text**</code>.</li>
  <li><em>To italicize text</em>, use <code class="language-plaintext highlighter-rouge">*To italicize text*</code>.</li>
  <li>Abbreviations, like <abbr title="HyperText Markup Language">HTML</abbr> should be defined like this <code class="language-plaintext highlighter-rouge">*[HTML]: HyperText Markup Language</code>.</li>
  <li>Citations, like <cite>— Mark otto</cite>, should use <code class="language-plaintext highlighter-rouge">&lt;cite&gt;</code>.</li>
  <li><del>Deleted</del> text should use <code class="language-plaintext highlighter-rouge">~~deleted~~</code> and <ins>inserted</ins> text should use <code class="language-plaintext highlighter-rouge">&lt;ins&gt;</code>.</li>
  <li>Superscript <sup>text</sup> uses <code class="language-plaintext highlighter-rouge">&lt;sup&gt;</code> and subscript <sub>text</sub> uses <code class="language-plaintext highlighter-rouge">&lt;sub&gt;</code>.</li>
</ul>

<p>Most of these elements are styled by browsers with few modifications on our part.</p>

<h2 id="heading-2">Heading 2</h2>
<p>Vivamus sagittis lacus vel augue rutrum faucibus dolor auctor. Duis mollis, est non commodo luctus, nisi erat porttitor ligula, eget lacinia odio sem nec elit. Morbi leo risus, porta ac consectetur ac, vestibulum at eros.</p>

<h3 id="heading-3">Heading 3</h3>
<p>Vivamus sagittis lacus vel augue rutrum faucibus dolor auctor.</p>

<h4 id="heading-4">Heading 4</h4>
<p>Vivamus sagittis lacus vel augue rutrum faucibus dolor auctor.</p>

<h5 id="heading-5">Heading 5</h5>
<p>Vivamus sagittis lacus vel augue rutrum faucibus dolor auctor.</p>

<h6 id="heading-6">Heading 6</h6>
<p>Vivamus sagittis lacus vel augue rutrum faucibus dolor auctor.</p>

<h2 id="code">Code</h2>

<p>Cum sociis natoque penatibus et magnis dis <code class="language-plaintext highlighter-rouge">code element</code> montes, nascetur ridiculus mus.</p>

<div class="language-js highlighter-rouge"><div class="highlight"><pre class="highlight"><code><span class="c1">// Example can be run directly in your JavaScript console</span>

<span class="c1">// Create a function that takes two arguments and returns the sum of those</span>
<span class="c1">// arguments</span>
<span class="kd">var</span> <span class="nx">adder</span> <span class="o">=</span> <span class="k">new</span> <span class="nb">Function</span><span class="p">(</span><span class="dl">"</span><span class="s2">a</span><span class="dl">"</span><span class="p">,</span> <span class="dl">"</span><span class="s2">b</span><span class="dl">"</span><span class="p">,</span> <span class="dl">"</span><span class="s2">return a + b</span><span class="dl">"</span><span class="p">);</span>

<span class="c1">// Call the function</span>
<span class="nx">adder</span><span class="p">(</span><span class="mi">2</span><span class="p">,</span> <span class="mi">6</span><span class="p">);</span>
<span class="c1">// &gt; 8</span>
</code></pre></div></div>

<h2 id="lists">Lists</h2>

<p>Cum sociis natoque penatibus et magnis dis parturient montes, nascetur ridiculus mus. Aenean lacinia bibendum nulla sed consectetur. Etiam porta sem malesuada magna mollis euismod. Fusce dapibus, tellus ac cursus commodo, tortor mauris condimentum nibh, ut fermentum massa justo sit amet risus.</p>

<ul>
  <li>Praesent commodo cursus magna, vel scelerisque nisl consectetur et.</li>
  <li>Donec id elit non mi porta gravida at eget metus.</li>
  <li>Nulla vitae elit libero, a pharetra augue.</li>
</ul>

<p>Donec ullamcorper nulla non metus auctor fringilla. Nulla vitae elit libero, a pharetra augue.</p>

<ol>
  <li>Vestibulum id ligula porta felis euismod semper.</li>
  <li>Cum sociis natoque penatibus et magnis dis parturient montes, nascetur ridiculus mus.</li>
  <li>Maecenas sed diam eget risus varius blandit sit amet non magna.</li>
</ol>

<p>Cras mattis consectetur purus sit amet fermentum. Sed posuere consectetur est at lobortis.</p>

<dl>
  <dt>HyperText Markup Language (<abbr title="HyperText Markup Language">HTML</abbr>)</dt>
  <dd>The language used to describe and define the content of a Web page</dd>
  <dt>Cascading Style Sheets (<abbr title="Cascading Style Sheets">CSS</abbr>)</dt>
  <dd>Used to describe the appearance of Web content</dd>
  <dt>JavaScript (<abbr title="JavaScript">JS</abbr>)</dt>
  <dd>The programming language used to build advanced Web sites and applications</dd>
</dl>

<p>Integer posuere erat a ante venenatis dapibus posuere velit aliquet. Morbi leo risus, porta ac consectetur ac, vestibulum at eros. Nullam quis risus eget urna mollis ornare vel eu leo.</p>

<h2 id="images">Images</h2>

<p>Quisque consequat sapien eget quam rhoncus, sit amet laoreet diam tempus. Aliquam aliquam metus erat, a pulvinar turpis suscipit at.</p>

<p><img src="https://via.placeholder.com/800x400" alt="800x400" title="Large example image" /></p>

<p><img src="https://via.placeholder.com/400x200" alt="400x200" title="Medium example image" /></p>

<p><img src="https://via.placeholder.com/200x200" alt="200x200" title="Small example image" /></p>

<h2 id="tables">Tables</h2>

<p>Aenean lacinia bibendum nulla sed consectetur. Lorem ipsum dolor sit amet, consectetur adipiscing elit.</p>

<table>
  <thead>
    <tr>
      <th style="text-align: left">Name</th>
      <th style="text-align: left">Upvotes</th>
      <th style="text-align: left">Downvotes</th>
    </tr>
  </thead>
  <tbody>
    <tr>
      <td style="text-align: left">Alice</td>
      <td style="text-align: left">10</td>
      <td style="text-align: left">11</td>
    </tr>
    <tr>
      <td style="text-align: left">Bob</td>
      <td style="text-align: left">4</td>
      <td style="text-align: left">3</td>
    </tr>
    <tr>
      <td style="text-align: left">Charlie</td>
      <td style="text-align: left">7</td>
      <td style="text-align: left">9</td>
    </tr>
  </tbody>
  <tfoot>
    <tr>
      <td style="text-align: left">Totals</td>
      <td style="text-align: left">21</td>
      <td style="text-align: left">23</td>
    </tr>
  </tfoot>
</table>

<p>Nullam id dolor id nibh ultricies vehicula ut id elit. Sed posuere consectetur est at lobortis. Nullam quis risus eget urna mollis ornare vel eu leo.</p>]]></content><author><name>C M Abdullah Khan</name><email>cmabdullah21@gmail.com</email></author><category term="example" /><summary type="html"><![CDATA[Howdy! This is an example blog post that shows several types of HTML content supported in this theme.]]></summary></entry></feed>